<?xml version="1.0" encoding="utf-8"?>
<odoo>
    <template id="massmailing_snippet_inherit" inherit_id="website_mass_mailing.snippets">
        <xpath expr="//t[@t-snippet='website_mass_mailing.s_newsletter_subscribe_form']" position="replace">
            <!-- <div class="oe_snippet_thumbnail">
                <img class="oe_snippet_thumbnail_img" src="/sync_uppercrust_mass_mailing/static/src/img/icon/button_newsletter.png"/>
                <span class="oe_snippet_thumbnail_title">Newsletter</span>
            </div> -->
            <t t-snippet="website_mass_mailing.s_newsletter_subscribe_form" t-thumbnail="/sync_uppercrust_mass_mailing/static/src/img/icon/button_newsletter.png"/>
        </xpath>
    </template>

    <!-- Content >  Newsletter -->
    <template id="s_newsletter_subscribe_form_inherit" inherit_id="website_mass_mailing.s_newsletter_subscribe_form">
        <xpath expr="//div[@class='oe_snippet_body input-group js_subscribe']" position="replace">
            <div class="oe_snippet_body input-group js_subscribe oe_cu_full_width"
                  data-list-id="0">
                <div class="st-heading-a post" data-vp-add-class="visible animated zoomIn" data-vp-remove-class="hidebefore" data-vp-add-class-full-view="full-visible" data-vp-repeat="false" data-vp-offset="100">
                    <h3 class="text-center"><span class="strong">Subscribe</span> to our newsletter</h3>
                    <hr/>
                </div>
                <div class="st-subscription post" data-vp-add-class="visible animated zoomIn" data-vp-remove-class="hidebefore" data-vp-add-class-full-view="full-visible" data-vp-repeat="false" data-vp-offset="100">
                    <p style="z-index: 7;">
                        <label for="subscribe_mail" style="margin-top: 0px;">Email_</label>
                        <input type="email" name="email" id="subscribe_mail" class="js_subscribe_email form-control" required=""/>
                        <button class="input-group-btn js_subscribe_btn fa fa-arrow-right" type="submit"></button>
                    <!-- <a href="#" class="input-group-btn btn btn-success js_subscribed_btn hidden" disabled="disabled">Thanks</a> -->
                    </p>
                    <!-- <span class="input-group-btn">
                        <a href="#" class="btn btn-primary js_subscribe_btn">Subscribe</a>
                        <a href="#" class="btn btn-success js_subscribed_btn hidden" disabled="disabled">Thanks</a>
                    </span> -->
                    <div class="alert alert-success hidden">Thanks for your subscription!</div>
                </div>
                <div class="text-block post" data-vp-add-class="visible animated zoomIn" data-vp-remove-class="hidebefore" data-vp-add-class-full-view="full-visible" data-vp-repeat="false" data-vp-offset="100">
                    <p>
                       If you want to receive updates from us just pop your email in the box. We think that spam is for jerks. And jerks we are not
                    </p>
                </div>
            </div>
        </xpath>
    </template>
</odoo>
