<?xml version="1.0" encoding="UTF-8"?>
<templates id="template" xml:space="preserve">
    <t t-name="website.Twitter.Tweet.Custom">
        <div class="item st-tweet">
          <div class="container">
              <div class="row content">
                <div class="carousel-img col-md-6">
                      <img t-att-src="tweet.user.profile_image_url"/>
                  </div>
                  <div class="carousel-content col-md-6 col-sm-12">
                    <div class="text">
                      <h4><span class="strong"><t t-esc="tweet.user.name"/></span><span class="small"><a t-att-href="'https://twitter.com/' + tweet.user.screen_name" target="_blank"><t t-esc="'@' + tweet.user.screen_name "/></a></span></h4>
                      <a class="date" target="_blank" t-attf-href="http://twitter.com/#{tweet.user.screen_name}/status/#{tweet.id_str}"><t t-esc="tweet.created_at"/></a>
                      <p><t t-raw="tweet.text"/></p>
                    </div>
                  </div>
              </div>
          </div>
        </div>
    </t>

    <t t-name="website.Twitter.Scroller.Custom">
       <div class="oe_snippet_body wrap-row master_background" contenteditable="false">
            <div class="container">
              <div class="row twitter-row">
                  <div class="st_title post" data-vp-add-class="visible animated zoomIn" data-vp-remove-class="hidebefore" data-vp-add-class-full-view="full-visible" data-vp-repeat="false" data-vp-offset="100">
                      <div class="st-heading-a">
                          <img class="st-tweet-img" src="/sync_uppercrust_twitter/static/src/img/icon-tw-a.png"/>
                          <h3 class="text-center">Latest from<span class="strong"> Twitter</span></h3>
                      </div>
                      <hr/>
                  </div>
                  <div class="twitter-scroller">
                      <div id="scroller1">
                        <div id="myCarousel" class="carousel carousel_twitter slide mb32 post" data-vp-add-class="visible animated zoomIn" data-vp-remove-class="hidebefore" data-vp-add-class-full-view="full-visible" data-vp-repeat="false" data-vp-offset="100">
                            <div class="carousel-inner"></div>
                            <div class="carousel-control left" data-target="#myCarousel" data-slide="prev" style="width: 15%"><i class="fa fa-arrow-circle-o-left "></i></div>
                            <div class="carousel-control right" data-target="#myCarousel" data-slide="next" style="width: 15%"><i class="fa fa-arrow-circle-o-right "></i></div>
                          </div>
                      </div>
                  </div>
              </div>
          </div>
        </div>
    </t>
</templates>
