<?xml version="1.0" encoding="utf-8"?>
<odoo>
    <!-- Features >  Blog -->
    <template id="s_blog" name="Blog">
        <section class="oe_snippet_body s_blog">
           <div class="blog post" data-vp-add-class="visible animated zoomIn" data-vp-remove-class="hidebefore" data-vp-add-class-full-view="full-visible" data-vp-repeat="false" data-vp-offset="100" data-screen-name="OpenERP" data-limit="6">
               <div class="blog_timeline container" contenteditable="false"></div>
           </div>
        </section>
    </template>

    <template id="website_blog_options" name="Blog Options" inherit_id="website.snippet_options">
        <xpath expr="//div" position="after">
            <div data-snippet-option-id='s_blog'
                data-selector=".blog"
                data-selector-children=".oe_structure, [data-oe-type=html]">
            </div>
        </xpath>
    </template>

    <template id="snippet_blog_inherit" inherit_id="website.snippets">
        <xpath expr="//div[@id='snippet_feature']/div[hasclass('o_panel_body')]" position="inside">
            <t t-snippet="sync_uppercrust_blog.s_blog" t-thumbnail="/sync_uppercrust_blog/static/src/img/icon/blog.png"/>
        </xpath>
    </template>
</odoo>
